{
  "sampleCount": 2272,
  "avgFrameMs": 16.783978873239434,
  "avgFps": 59.58062790429338,
  "p95FrameMs": 18,
  "p99FrameMs": 18.600000000000364,
  "maxFrameMs": 149.29999999999973,
  "longFrameCount": 1,
  "longFrames": [
    149.29999999999973
  ]
}