{
    "cost_mapping": {
        "base": 1.0,
        "bonus": 100.0
    },
    "mode_fence_info": {
        "base": {
            "scatter": {
                "hr": 20.0,
                "rtp": 0.2,
                "av_win": 4.0
            },
            "basegame": {
                "hr": 3.5,
                "rtp": 0.7135,
                "av_win": 2.5
            }
        },
        "bonus": {
            "scatter": {
                "hr": 5.0,
                "rtp": 0.9135,
                "av_win": 456.75
            }
        }
    },
    "hr_summary": {
        "base": {
            "{'kind': '5', 'symbol': 'H1'}": 913.1676107005721,
            "{'kind': '4', 'symbol': 'H1'}": 392.11955850644904,
            "{'kind': '3', 'symbol': 'H1'}": 319.5126317747875,
            "{'kind': '5', 'symbol': 'H2'}": 509.7021654941865,
            "{'kind': '4', 'symbol': 'H2'}": 200.16043594963693,
            "{'kind': '3', 'symbol': 'H2'}": 128.93963390858445,
            "{'kind': '5', 'symbol': 'M1'}": 113.67440002643242,
            "{'kind': '4', 'symbol': 'M1'}": 96.44656776403143,
            "{'kind': '3', 'symbol': 'M1'}": 124.90866225258446,
            "{'kind': '5', 'symbol': 'M2'}": 94.12198906051754,
            "{'kind': '4', 'symbol': 'M2'}": 61.170041376315204,
            "{'kind': '3', 'symbol': 'M2'}": 82.08396278828646,
            "{'kind': '5', 'symbol': 'M3'}": 55.04406065897126,
            "{'kind': '4', 'symbol': 'M3'}": 46.51939009646136,
            "{'kind': '3', 'symbol': 'M3'}": 66.53434765121268,
            "{'kind': '5', 'symbol': 'L1'}": 20.978484858331328,
            "{'kind': '4', 'symbol': 'L1'}": 21.37033447346804,
            "{'kind': '3', 'symbol': 'L1'}": 24.113724604945084,
            "{'kind': '5', 'symbol': 'L2'}": 27.627377254036805,
            "{'kind': '4', 'symbol': 'L2'}": 42.151933372098796,
            "{'kind': '3', 'symbol': 'L2'}": 70.2606487247972,
            "{'kind': '5', 'symbol': 'L3'}": 19.176680811499235,
            "{'kind': '4', 'symbol': 'L3'}": 24.581994422481504,
            "{'kind': '3', 'symbol': 'L3'}": 64.94068623341843
        }
    },
    "av_win_summary": {
        "base": {
            "{'kind': '5', 'symbol': 'H1'}": 221.25733190436742,
            "{'kind': '4', 'symbol': 'H1'}": 78.72536391924734,
            "{'kind': '3', 'symbol': 'H1'}": 202.26996632237785,
            "{'kind': '5', 'symbol': 'H2'}": 76.0796003673192,
            "{'kind': '4', 'symbol': 'H2'}": 109.06023906963406,
            "{'kind': '3', 'symbol': 'H2'}": 87.12043353145157,
            "{'kind': '5', 'symbol': 'M1'}": 95.5896903303731,
            "{'kind': '4', 'symbol': 'M1'}": 89.84032891407455,
            "{'kind': '3', 'symbol': 'M1'}": 124.08926569306739,
            "{'kind': '5', 'symbol': 'M2'}": 76.4835582179252,
            "{'kind': '4', 'symbol': 'M2'}": 89.06312561072376,
            "{'kind': '3', 'symbol': 'M2'}": 103.74346810564275,
            "{'kind': '5', 'symbol': 'M3'}": 103.2903094073028,
            "{'kind': '4', 'symbol': 'M3'}": 71.62041748836005,
            "{'kind': '3', 'symbol': 'M3'}": 74.30552003403984,
            "{'kind': '5', 'symbol': 'L1'}": 85.03017224060083,
            "{'kind': '4', 'symbol': 'L1'}": 96.02292990504917,
            "{'kind': '3', 'symbol': 'L1'}": 96.53183396988268,
            "{'kind': '5', 'symbol': 'L2'}": 83.40143714192193,
            "{'kind': '4', 'symbol': 'L2'}": 105.48847362567317,
            "{'kind': '3', 'symbol': 'L2'}": 135.99929219165392,
            "{'kind': '5', 'symbol': 'L3'}": 84.60999686147836,
            "{'kind': '4', 'symbol': 'L3'}": 101.39667449415603,
            "{'kind': '3', 'symbol': 'L3'}": 98.0425830171257
        }
    },
    "sim_count_summary": {
        "base": {
            "{'kind': '5', 'symbol': 'H1'}": 141,
            "{'kind': '4', 'symbol': 'H1'}": 297,
            "{'kind': '3', 'symbol': 'H1'}": 289,
            "{'kind': '5', 'symbol': 'H2'}": 234,
            "{'kind': '4', 'symbol': 'H2'}": 539,
            "{'kind': '3', 'symbol': 'H2'}": 708,
            "{'kind': '5', 'symbol': 'M1'}": 885,
            "{'kind': '4', 'symbol': 'M1'}": 1137,
            "{'kind': '3', 'symbol': 'M1'}": 786,
            "{'kind': '5', 'symbol': 'M2'}": 1196,
            "{'kind': '4', 'symbol': 'M2'}": 1682,
            "{'kind': '3', 'symbol': 'M2'}": 1253,
            "{'kind': '5', 'symbol': 'M3'}": 1884,
            "{'kind': '4', 'symbol': 'M3'}": 2087,
            "{'kind': '3', 'symbol': 'M3'}": 1414,
            "{'kind': '5', 'symbol': 'L1'}": 4573,
            "{'kind': '4', 'symbol': 'L1'}": 4324,
            "{'kind': '3', 'symbol': 'L1'}": 4405,
            "{'kind': '5', 'symbol': 'L2'}": 3562,
            "{'kind': '4', 'symbol': 'L2'}": 2401,
            "{'kind': '3', 'symbol': 'L2'}": 1403,
            "{'kind': '5', 'symbol': 'L3'}": 4965,
            "{'kind': '4', 'symbol': 'L3'}": 3483,
            "{'kind': '3', 'symbol': 'L3'}": 1629
        }
    },
    "custom_hr_summary": {
        "base": {
            "{'symbol': 'scatter'}": 16.096557805889148
        }
    },
    "custom_av_win_summary": {
        "base": {
            "{'symbol': 'scatter'}": 95.07297920192711
        }
    },
    "custom_sim_count_summary": {
        "base": {
            "{'symbol': 'scatter'}": 6478
        }
    }
}