{
    "cost_mapping": {
        "base": 1.0,
        "bonus": 100.0
    },
    "mode_fence_info": {
        "base": {
            "freegame": {
                "hr": 185.0,
                "rtp": 0.38,
                "av_win": 70.3
            },
            "basegame": {
                "hr": 3.5,
                "rtp": 0.5335,
                "av_win": 1.87
            }
        },
        "bonus": {
            "freegame": {}
        }
    },
    "hr_summary": {
        "base": {
            "{'kind': '5', 'symbol': 'H1'}": 244.72620553836336,
            "{'kind': '4', 'symbol': 'H1'}": 133.41975073441876,
            "{'kind': '3', 'symbol': 'H1'}": 147.83802522470396,
            "{'kind': '5', 'symbol': 'H2'}": 172.8137113721395,
            "{'kind': '4', 'symbol': 'H2'}": 67.0971277504601,
            "{'kind': '3', 'symbol': 'H2'}": 54.49261145047525,
            "{'kind': '5', 'symbol': 'M1'}": 46.76877774361687,
            "{'kind': '4', 'symbol': 'M1'}": 31.430008497140776,
            "{'kind': '3', 'symbol': 'M1'}": 46.93491771844456,
            "{'kind': '5', 'symbol': 'M2'}": 32.18746219049404,
            "{'kind': '4', 'symbol': 'M2'}": 24.40104387466115,
            "{'kind': '3', 'symbol': 'M2'}": 30.90637849783637,
            "{'kind': '5', 'symbol': 'M3'}": 19.22949798592758,
            "{'kind': '4', 'symbol': 'M3'}": 18.789608711887787,
            "{'kind': '3', 'symbol': 'M3'}": 27.861116141233246,
            "{'kind': '5', 'symbol': 'L1'}": 9.103097337262819,
            "{'kind': '4', 'symbol': 'L1'}": 10.061813190578947,
            "{'kind': '3', 'symbol': 'L1'}": 10.59451745065868,
            "{'kind': '5', 'symbol': 'L2'}": 11.058585472495178,
            "{'kind': '4', 'symbol': 'L2'}": 17.127121049172196,
            "{'kind': '3', 'symbol': 'L2'}": 29.539944021918043,
            "{'kind': '5', 'symbol': 'L3'}": 7.719721573001865,
            "{'kind': '4', 'symbol': 'L3'}": 12.085569190492153,
            "{'kind': '3', 'symbol': 'L3'}": 25.18549833229345
        },
        "bonus": {
            "{'kind': '5', 'symbol': 'H1'}": 40.13103563136095,
            "{'kind': '4', 'symbol': 'H1'}": 21.786198271571994,
            "{'kind': '3', 'symbol': 'H1'}": 23.72211902534126,
            "{'kind': '5', 'symbol': 'H2'}": 24.24474949756911,
            "{'kind': '4', 'symbol': 'H2'}": 11.75627341433589,
            "{'kind': '3', 'symbol': 'H2'}": 9.64633576591751,
            "{'kind': '5', 'symbol': 'M1'}": 7.858870237490578,
            "{'kind': '4', 'symbol': 'M1'}": 6.167851982760158,
            "{'kind': '3', 'symbol': 'M1'}": 8.613900607691123,
            "{'kind': '5', 'symbol': 'M2'}": 5.58571887143316,
            "{'kind': '4', 'symbol': 'M2'}": 4.113312173382223,
            "{'kind': '3', 'symbol': 'M2'}": 5.541719130724451,
            "{'kind': '5', 'symbol': 'M3'}": 3.492618315517521,
            "{'kind': '4', 'symbol': 'M3'}": 3.3025800376812504,
            "{'kind': '3', 'symbol': 'M3'}": 5.085632419653171,
            "{'kind': '5', 'symbol': 'L1'}": 1.5331908919665778,
            "{'kind': '4', 'symbol': 'L1'}": 1.7272219666096866,
            "{'kind': '3', 'symbol': 'L1'}": 1.994369232908304,
            "{'kind': '5', 'symbol': 'L2'}": 1.835575545648339,
            "{'kind': '4', 'symbol': 'L2'}": 3.100658995251802,
            "{'kind': '3', 'symbol': 'L2'}": 5.188014284245798,
            "{'kind': '5', 'symbol': 'L3'}": 1.349233492128258,
            "{'kind': '4', 'symbol': 'L3'}": 2.0170578581554373,
            "{'kind': '3', 'symbol': 'L3'}": 4.2053679625754325
        }
    },
    "av_win_summary": {
        "base": {
            "{'kind': '5', 'symbol': 'H1'}": 71.93895623134081,
            "{'kind': '4', 'symbol': 'H1'}": 94.24806988840584,
            "{'kind': '3', 'symbol': 'H1'}": 117.62586634196288,
            "{'kind': '5', 'symbol': 'H2'}": 107.73702270483096,
            "{'kind': '4', 'symbol': 'H2'}": 96.3733871655498,
            "{'kind': '3', 'symbol': 'H2'}": 110.89810926016254,
            "{'kind': '5', 'symbol': 'M1'}": 104.14987770497383,
            "{'kind': '4', 'symbol': 'M1'}": 82.34497081750257,
            "{'kind': '3', 'symbol': 'M1'}": 84.0738675046074,
            "{'kind': '5', 'symbol': 'M2'}": 92.18095235894424,
            "{'kind': '4', 'symbol': 'M2'}": 84.44642873926661,
            "{'kind': '3', 'symbol': 'M2'}": 81.85284999017186,
            "{'kind': '5', 'symbol': 'M3'}": 90.12979204878158,
            "{'kind': '4', 'symbol': 'M3'}": 95.17455056572274,
            "{'kind': '3', 'symbol': 'M3'}": 87.0521580444453,
            "{'kind': '5', 'symbol': 'L1'}": 89.51501907340776,
            "{'kind': '4', 'symbol': 'L1'}": 100.95707377803946,
            "{'kind': '3', 'symbol': 'L1'}": 98.09000106892474,
            "{'kind': '5', 'symbol': 'L2'}": 91.80752614315678,
            "{'kind': '4', 'symbol': 'L2'}": 94.72534818458534,
            "{'kind': '3', 'symbol': 'L2'}": 80.7523351628308,
            "{'kind': '5', 'symbol': 'L3'}": 91.16707624240577,
            "{'kind': '4', 'symbol': 'L3'}": 103.97044732660956,
            "{'kind': '3', 'symbol': 'L3'}": 110.58882249570092
        },
        "bonus": {
            "{'kind': '5', 'symbol': 'H1'}": 9535.490656371569,
            "{'kind': '4', 'symbol': 'H1'}": 9323.826586622108,
            "{'kind': '3', 'symbol': 'H1'}": 9548.279111209758,
            "{'kind': '5', 'symbol': 'H2'}": 9338.799878125636,
            "{'kind': '4', 'symbol': 'H2'}": 9641.572631551615,
            "{'kind': '3', 'symbol': 'H2'}": 9725.283888760212,
            "{'kind': '5', 'symbol': 'M1'}": 9561.333271080153,
            "{'kind': '4', 'symbol': 'M1'}": 9492.910847508263,
            "{'kind': '3', 'symbol': 'M1'}": 9737.682376138328,
            "{'kind': '5', 'symbol': 'M2'}": 9716.521822417044,
            "{'kind': '4', 'symbol': 'M2'}": 9450.459983025472,
            "{'kind': '3', 'symbol': 'M2'}": 9776.0492189187,
            "{'kind': '5', 'symbol': 'M3'}": 9785.801908757332,
            "{'kind': '4', 'symbol': 'M3'}": 9541.471303100216,
            "{'kind': '3', 'symbol': 'M3'}": 9890.200402254512,
            "{'kind': '5', 'symbol': 'L1'}": 9616.500800868724,
            "{'kind': '4', 'symbol': 'L1'}": 9668.109762029057,
            "{'kind': '3', 'symbol': 'L1'}": 9671.128869738144,
            "{'kind': '5', 'symbol': 'L2'}": 9605.365549831155,
            "{'kind': '4', 'symbol': 'L2'}": 9787.982191678784,
            "{'kind': '3', 'symbol': 'L2'}": 9752.084383045714,
            "{'kind': '5', 'symbol': 'L3'}": 9574.086422325061,
            "{'kind': '4', 'symbol': 'L3'}": 9760.529345047857,
            "{'kind': '3', 'symbol': 'L3'}": 9508.00819637904
        }
    },
    "sim_count_summary": {
        "base": {
            "{'kind': '5', 'symbol': 'H1'}": 391,
            "{'kind': '4', 'symbol': 'H1'}": 787,
            "{'kind': '3', 'symbol': 'H1'}": 750,
            "{'kind': '5', 'symbol': 'H2'}": 653,
            "{'kind': '4', 'symbol': 'H2'}": 1468,
            "{'kind': '3', 'symbol': 'H2'}": 1846,
            "{'kind': '5', 'symbol': 'M1'}": 2279,
            "{'kind': '4', 'symbol': 'M1'}": 2993,
            "{'kind': '3', 'symbol': 'M1'}": 2056,
            "{'kind': '5', 'symbol': 'M2'}": 3202,
            "{'kind': '4', 'symbol': 'M2'}": 4336,
            "{'kind': '3', 'symbol': 'M2'}": 3318,
            "{'kind': '5', 'symbol': 'M3'}": 5032,
            "{'kind': '4', 'symbol': 'M3'}": 5389,
            "{'kind': '3', 'symbol': 'M3'}": 3609,
            "{'kind': '5', 'symbol': 'L1'}": 11549,
            "{'kind': '4', 'symbol': 'L1'}": 10664,
            "{'kind': '3', 'symbol': 'L1'}": 9926,
            "{'kind': '5', 'symbol': 'L2'}": 9363,
            "{'kind': '4', 'symbol': 'L2'}": 5823,
            "{'kind': '3', 'symbol': 'L2'}": 3554,
            "{'kind': '5', 'symbol': 'L3'}": 12843,
            "{'kind': '4', 'symbol': 'L3'}": 8643,