{
    "cost_mapping": {
        "cruise": 1.0,
        "antelite": 1.25,
        "super": 400.0
    },
    "mode_fence_info": {
        "cruise": {
            "freegame": {
                "hr": 260.0,
                "rtp": 0.18,
                "av_win": 46.8
            },
            "basegame": {
                "hr": 2.3,
                "rtp": 0.7635,
                "av_win": 1.76
            }
        },
        "antelite": {
            "freegame": {
                "hr": 115.0,
                "rtp": 0.608,
                "av_win": 87.4
            },
            "basegame": {
                "hr": 3.5,
                "rtp": 0.3055,
                "av_win": 1.34
            }
        },
        "super": {
            "freegame": {}
        }
    },
    "hr_summary": {
        "cruise": {
            "{'kind': '5', 'symbol': 'H1'}": 429.90647467870326,
            "{'kind': '4', 'symbol': 'H1'}": 229.1263221180659,
            "{'kind': '3', 'symbol': 'H1'}": 220.3029026113453,
            "{'kind': '5', 'symbol': 'H2'}": 278.36969349398623,
            "{'kind': '4', 'symbol': 'H2'}": 85.0931453870218,
            "{'kind': '3', 'symbol': 'H2'}": 88.62043791014983,
            "{'kind': '5', 'symbol': 'M1'}": 76.28294681725063,
            "{'kind': '4', 'symbol': 'M1'}": 45.03001481677822,
            "{'kind': '3', 'symbol': 'M1'}": 63.48439050881116,
            "{'kind': '5', 'symbol': 'M2'}": 58.54393884961782,
            "{'kind': '4', 'symbol': 'M2'}": 39.340918982063585,
            "{'kind': '3', 'symbol': 'M2'}": 49.777593885728976,
            "{'kind': '5', 'symbol': 'M3'}": 32.41840817680465,
            "{'kind': '4', 'symbol': 'M3'}": 28.700310009917235,
            "{'kind': '3', 'symbol': 'M3'}": 44.050999677007205,
            "{'kind': '5', 'symbol': 'L1'}": 13.829057340604658,
            "{'kind': '4', 'symbol': 'L1'}": 15.874167777907916,
            "{'kind': '3', 'symbol': 'L1'}": 16.205849880193682,
            "{'kind': '5', 'symbol': 'L2'}": 18.597643902625368,
            "{'kind': '4', 'symbol': 'L2'}": 25.23051237405502,
            "{'kind': '3', 'symbol': 'L2'}": 46.60120563832313,
            "{'kind': '5', 'symbol': 'L3'}": 12.937194448747269,
            "{'kind': '4', 'symbol': 'L3'}": 19.78920556046106,
            "{'kind': '3', 'symbol': 'L3'}": 41.85617358877187
        },
        "antelite": {
            "{'kind': '5', 'symbol': 'H1'}": 157.1999572169495,
            "{'kind': '4', 'symbol': 'H1'}": 82.34569915028749,
            "{'kind': '3', 'symbol': 'H1'}": 102.07931808317183,
            "{'kind': '5', 'symbol': 'H2'}": 97.27018602936485,
            "{'kind': '4', 'symbol': 'H2'}": 47.5983595843323,
            "{'kind': '3', 'symbol': 'H2'}": 40.537838809723105,
            "{'kind': '5', 'symbol': 'M1'}": 30.99735901487796,
            "{'kind': '4', 'symbol': 'M1'}": 23.175687158300438,
            "{'kind': '3', 'symbol': 'M1'}": 28.923352354075035,
            "{'kind': '5', 'symbol': 'M2'}": 20.11279297733821,
            "{'kind': '4', 'symbol': 'M2'}": 16.334559411852734,
            "{'kind': '3', 'symbol': 'M2'}": 20.69622188088909,
            "{'kind': '5', 'symbol': 'M3'}": 13.207147198703401,
            "{'kind': '4', 'symbol': 'M3'}": 13.032888447984257,
            "{'kind': '3', 'symbol': 'M3'}": 17.95312711341246,
            "{'kind': '5', 'symbol': 'L1'}": 6.181509404806589,
            "{'kind': '4', 'symbol': 'L1'}": 6.699188991271541,
            "{'kind': '3', 'symbol': 'L1'}": 7.3327882595651825,
            "{'kind': '5', 'symbol': 'L2'}": 7.284471915516107,
            "{'kind': '4', 'symbol': 'L2'}": 11.629679366974164,
            "{'kind': '3', 'symbol': 'L2'}": 21.488851578056863,
            "{'kind': '5', 'symbol': 'L3'}": 5.253919388801986,
            "{'kind': '4', 'symbol': 'L3'}": 8.126231725570388,
            "{'kind': '3', 'symbol': 'L3'}": 16.78898668733718
        },
        "super": {
            "{'kind': '5', 'symbol': 'H1'}": 38.540898600136046,
            "{'kind': '4', 'symbol': 'H1'}": 22.15753454752723,
            "{'kind': '3', 'symbol': 'H1'}": 24.587405093409696,
            "{'kind': '5', 'symbol': 'H2'}": 24.634980102654396,
            "{'kind': '4', 'symbol': 'H2'}": 11.703067564421195,
            "{'kind': '3', 'symbol': 'H2'}": 9.709125805696853,
            "{'kind': '5', 'symbol': 'M1'}": 8.27227759692271,
            "{'kind': '4', 'symbol': 'M1'}": 6.4543213637323005,
            "{'kind': '3', 'symbol': 'M1'}": 9.067068323805684,
            "{'kind': '5', 'symbol': 'M2'}": 5.690566008050039,
            "{'kind': '4', 'symbol': 'M2'}": 4.34422038512409,
            "{'kind': '3', 'symbol': 'M2'}": 5.586143092401521,
            "{'kind': '5', 'symbol': 'M3'}": 3.532031573524871,
            "{'kind': '4', 'symbol': 'M3'}": 3.451084799406609,
            "{'kind': '3', 'symbol': 'M3'}": 5.211568912175432,
            "{'kind': '5', 'symbol': 'L1'}": 1.5723457005146249,
            "{'kind': '4', 'symbol': 'L1'}": 1.756232933216267,
            "{'kind': '3', 'symbol': 'L1'}": 2.0443685237413676,
            "{'kind': '5', 'symbol': 'L2'}": 1.8861970362966802,
            "{'kind': '4', 'symbol': 'L2'}": 3.1503553302717995,
            "{'kind': '3', 'symbol': 'L2'}": 5.268879026869557,
            "{'kind': '5', 'symbol': 'L3'}": 1.380007593483129,
            "{'kind': '4', 'symbol': 'L3'}": 2.0427941455397236,
            "{'kind': '3', 'symbol': 'L3'}": 4.464140937401202
        }
    },
    "av_win_summary": {
        "cruise": {
            "{'kind': '5', 'symbol': 'H1'}": 78.05806864021379,
            "{'kind': '4', 'symbol': 'H1'}": 80.76826083563566,
            "{'kind': '3', 'symbol': 'H1'}": 130.6992941609345,
            "{'kind': '5', 'symbol': 'H2'}": 82.39076451229722,
            "{'kind': '4', 'symbol': 'H2'}": 96.10604004040961,
            "{'kind': '3', 'symbol': 'H2'}": 106.3192236967178,
            "{'kind': '5', 'symbol': 'M1'}": 103.3845983599997,
            "{'kind': '4', 'symbol': 'M1'}": 83.09099439207772,
            "{'kind': '3', 'symbol': 'M1'}": 93.44359781870163,
            "{'kind': '5', 'symbol': 'M2'}": 91.19653642317613,
            "{'kind': '4', 'symbol': 'M2'}": 84.6867632422343,
            "{'kind': '3', 'symbol': 'M2'}": 102.00669893008266,
            "{'kind': '5', 'symbol': 'M3'}": 87.4925149420731,
            "{'kind': '4', 'symbol': 'M3'}": 80.59105150252365,
            "{'kind': '3', 'symbol': 'M3'}": 79.64671425327644,
            "{'kind': '5', 'symbol': 'L1'}": 95.87836612138035,
            "{'kind': '4', 'symbol': 'L1'}": 92.50167314097936,
            "{'kind': '3', 'symbol': 'L1'}": 91.68622270042287,
            "{'kind': '5', 'symbol': 'L2'}": 80.92620870377011,
            "{'kind': '4', 'symbol': 'L2'}": 96.50844544987045,
            "{'kind': '3', 'symbol': 'L2'}": 80.36993323231822,
            "{'kind': '5', 'symbol': 'L3'}": 82.85010656889115,
            "{'kind': '4', 'symbol': 'L3'}": 115.81989399526343,
            "{'kind': '3', 'symbol': 'L3'}": 104.2624635083986
        },
        "antelite": {
            "{'kind': '5', 'symbol': 'H1'}": 94.97405498533793,
            "{'kind': '4', 'symbol': 'H1'}": 113.31138530467094,
            "{'kind': '3', 'symbol': 'H1'}": 136.64597783098617,
            "{'kind': '5', 'symbol': 'H2'}": 115.39233395428822,
            "{'kind': '4', 'symbol': 'H2'}": 129.1891822357418,
            "{'kind': '3', 'symbol': 'H2'}": 141.31465064621213,
            "{'kind': '5', 'symbol': 'M1'}": 118.36561265834877,
            "{'kind': '4', 'symbol': 'M1'}": 108.17008221011478,
            "{'kind': '3', 'symbol': 'M1'}": 109.26412606004986,
            "{'kind': '5', 'symbol': 'M2'}": 115.38131596705783,
            "{'kind': '4', 'symbol': 'M2'}": 114.87478421289295,
            "{'kind': '3', 'symbol': 'M2'}": 116.7772957999964,
            "{'kind': '5', 'symbol': 'M3'}": 111.08099780274512,