{
    "cost_mapping": {
        "base": 1.0
    },
    "mode_fence_info": {
        "base": {
            "scatter": {
                "hr": 20.0,
                "rtp": 0.2,
                "av_win": 4.0
            },
            "basegame": {
                "hr": 3.5,
                "rtp": 0.7135,
                "av_win": 2.5
            }
        }
    },
    "hr_summary": {
        "base": {
            "{'kind': '5', 'symbol': 'H1'}": 859.4655873057869,
            "{'kind': '4', 'symbol': 'H1'}": 360.40057312036134,
            "{'kind': '3', 'symbol': 'H1'}": 305.17583052138536,
            "{'kind': '5', 'symbol': 'H2'}": 528.2132177669976,
            "{'kind': '4', 'symbol': 'H2'}": 209.75976332396576,
            "{'kind': '3', 'symbol': 'H2'}": 139.48520369487213,
            "{'kind': '5', 'symbol': 'M1'}": 112.9320027874728,
            "{'kind': '4', 'symbol': 'M1'}": 88.4456867880492,
            "{'kind': '3', 'symbol': 'M1'}": 108.92051462428009,
            "{'kind': '5', 'symbol': 'M2'}": 92.28010404823439,
            "{'kind': '4', 'symbol': 'M2'}": 62.034722882210076,
            "{'kind': '3', 'symbol': 'M2'}": 82.44630778496897,
            "{'kind': '5', 'symbol': 'M3'}": 54.07407333192293,
            "{'kind': '4', 'symbol': 'M3'}": 41.24257814678744,
            "{'kind': '3', 'symbol': 'M3'}": 67.1151931549404,
            "{'kind': '5', 'symbol': 'L1'}": 19.68836862019446,
            "{'kind': '4', 'symbol': 'L1'}": 22.26876055294663,
            "{'kind': '3', 'symbol': 'L1'}": 23.54770814383022,
            "{'kind': '5', 'symbol': 'L2'}": 25.395889982596994,
            "{'kind': '4', 'symbol': 'L2'}": 35.86327478549917,
            "{'kind': '3', 'symbol': 'L2'}": 73.30879130116199,
            "{'kind': '5', 'symbol': 'L3'}": 19.03205449866541,
            "{'kind': '4', 'symbol': 'L3'}": 27.155837763696926,
            "{'kind': '3', 'symbol': 'L3'}": 65.55972968070496
        }
    },
    "av_win_summary": {
        "base": {
            "{'kind': '5', 'symbol': 'H1'}": 192.11116576374374,
            "{'kind': '4', 'symbol': 'H1'}": 72.78164547611703,
            "{'kind': '3', 'symbol': 'H1'}": 180.82729564343748,
            "{'kind': '5', 'symbol': 'H2'}": 77.06463578186289,
            "{'kind': '4', 'symbol': 'H2'}": 102.53569724283963,
            "{'kind': '3', 'symbol': 'H2'}": 89.69957283087012,
            "{'kind': '5', 'symbol': 'M1'}": 92.93487912263086,
            "{'kind': '4', 'symbol': 'M1'}": 84.82501311543263,
            "{'kind': '3', 'symbol': 'M1'}": 111.96710888395182,
            "{'kind': '5', 'symbol': 'M2'}": 77.53626221503032,
            "{'kind': '4', 'symbol': 'M2'}": 87.95637234643401,
            "{'kind': '3', 'symbol': 'M2'}": 104.43600640060215,
            "{'kind': '5', 'symbol': 'M3'}": 102.98677447048578,
            "{'kind': '4', 'symbol': 'M3'}": 74.40458163953781,
            "{'kind': '3', 'symbol': 'M3'}": 76.4920772834625,
            "{'kind': '5', 'symbol': 'L1'}": 89.77378564892622,
            "{'kind': '4', 'symbol': 'L1'}": 92.96672913779716,
            "{'kind': '3', 'symbol': 'L1'}": 94.96024397917259,
            "{'kind': '5', 'symbol': 'L2'}": 85.24050898444399,
            "{'kind': '4', 'symbol': 'L2'}": 104.73074095853698,
            "{'kind': '3', 'symbol': 'L2'}": 126.11145610729923,
            "{'kind': '5', 'symbol': 'L3'}": 83.5649775768865,
            "{'kind': '4', 'symbol': 'L3'}": 104.669127669107,
            "{'kind': '3', 'symbol': 'L3'}": 96.76390102874767
        }
    },
    "sim_count_summary": {
        "base": {
            "{'kind': '5', 'symbol': 'H1'}": 141,
            "{'kind': '4', 'symbol': 'H1'}": 297,
            "{'kind': '3', 'symbol': 'H1'}": 289,
            "{'kind': '5', 'symbol': 'H2'}": 234,
            "{'kind': '4', 'symbol': 'H2'}": 539,
            "{'kind': '3', 'symbol': 'H2'}": 708,
            "{'kind': '5', 'symbol': 'M1'}": 885,
            "{'kind': '4', 'symbol': 'M1'}": 1137,
            "{'kind': '3', 'symbol': 'M1'}": 786,
            "{'kind': '5', 'symbol': 'M2'}": 1196,
            "{'kind': '4', 'symbol': 'M2'}": 1682,
            "{'kind': '3', 'symbol': 'M2'}": 1253,
            "{'kind': '5', 'symbol': 'M3'}": 1884,
            "{'kind': '4', 'symbol': 'M3'}": 2087,
            "{'kind': '3', 'symbol': 'M3'}": 1414,
            "{'kind': '5', 'symbol': 'L1'}": 4573,
            "{'kind': '4', 'symbol': 'L1'}": 4324,
            "{'kind': '3', 'symbol': 'L1'}": 4405,
            "{'kind': '5', 'symbol': 'L2'}": 3562,
            "{'kind': '4', 'symbol': 'L2'}": 2401,
            "{'kind': '3', 'symbol': 'L2'}": 1403,
            "{'kind': '5', 'symbol': 'L3'}": 4965,
            "{'kind': '4', 'symbol': 'L3'}": 3483,
            "{'kind': '3', 'symbol': 'L3'}": 1629
        }
    },
    "custom_hr_summary": {
        "base": {
            "{'symbol': 'scatter'}": 15.706694151911536
        }
    },
    "custom_av_win_summary": {
        "base": {
            "{'symbol': 'scatter'}": 97.57620875615943
        }
    },
    "custom_sim_count_summary": {
        "base": {
            "{'symbol': 'scatter'}": 6478
        }
    }
}